uri,question,url,url_m
https://www.flickr.com/photos/flickr/galleries/72157645594316420/,flickr,https://farm4.staticflickr.com/3887/14763896342_5c924af381_b.jpg,https://farm4.staticflickr.com/3887/14763896342_5c924af381_b.jpg
https://www.flickr.com/photos/flickr/galleries/72157645594316420/,flickr,https://farm4.staticflickr.com/3849/14768511122_2dba6b5915_b.jpg,https://farm4.staticflickr.com/3849/14768511122_2dba6b5915_b.jpg
https://www.flickr.com/photos/flickr/galleries/72157645594316420/,flickr,https://farm4.staticflickr.com/3865/14757314632_2f677a7416_b.jpg,https://farm4.staticflickr.com/3865/14757314632_2f677a7416_b.jpg
https://www.flickr.com/photos/flickr/galleries/72157645594316420/,flickr,https://farm3.staticflickr.com/2921/14734710736_8719893834_b.jpg,https://farm3.staticflickr.com/2921/14734710736_8719893834_b.jpg
https://www.flickr.com/photos/flickr/galleries/72157645594316420/,flickr,https://farm3.staticflickr.com/2900/14747073956_a8eec38214_b.jpg,https://farm3.staticflickr.com/2900/14747073956_a8eec38214_b.jpg
https://www.flickr.com/photos/flickr/galleries/72157645594316420/,flickr,https://farm3.staticflickr.com/2913/14775081693_6573cb676d_b.jpg,https://farm3.staticflickr.com/2913/14775081693_6573cb676d_b.jpg
https://www.flickr.com/photos/flickr/galleries/72157645594316420/,flickr,https://farm3.staticflickr.com/2934/14578840997_1319cee2f5_b.jpg,https://farm3.staticflickr.com/2934/14578840997_1319cee2f5_b.jpg
https://www.flickr.com/photos/flickr/galleries/72157645594316420/,flickr,https://farm4.staticflickr.com/3907/14782443813_d0ebdc8964_b.jpg,https://farm4.staticflickr.com/3907/14782443813_d0ebdc8964_b.jpg
https://www.flickr.com/photos/flickr/galleries/72157645594316420/,flickr,https://farm3.staticflickr.com/2927/14755275895_c4ef2345b2_b.jpg,https://farm3.staticflickr.com/2927/14755275895_c4ef2345b2_b.jpg
https://www.flickr.com/photos/flickr/galleries/72157645594316420/,flickr,https://farm6.staticflickr.com/5554/14762690874_36f4ce958b_b.jpg,https://farm6.staticflickr.com/5554/14762690874_36f4ce958b_b.jpg
https://www.flickr.com/photos/flickr/galleries/72157645594316420/,flickr,https://farm3.staticflickr.com/2938/14756234764_7645a65b62_b.jpg,https://farm3.staticflickr.com/2938/14756234764_7645a65b62_b.jpg
https://www.flickr.com/photos/flickr/galleries/72157645594316420/,flickr,https://farm3.staticflickr.com/2910/14761926242_44985c3ce5_b.jpg,https://farm3.staticflickr.com/2910/14761926242_44985c3ce5_b.jpg
https://www.flickr.com/photos/flickr/galleries/72157645594316420/,flickr,https://farm3.staticflickr.com/2922/14578042738_f6a7d7b60b_b.jpg,https://farm3.staticflickr.com/2922/14578042738_f6a7d7b60b_b.jpg
